{
  "realvideo_complex_v1_confirm2": {
    "seeds": [
      {
        "random_seed": 20260304,
        "best_maskacc_val_fs0": 0.049,
        "best_maskacc_val_fs1": 0.081,
        "delta_maskacc_val": 0.032,
        "best_maskacc_fg_val_fs0": 0.0534,
        "best_maskacc_fg_val_fs1": 0.0826,
        "delta_maskacc_fg_val": 0.029200000000000004,
        "last_val_loss_fs0": 3.4259,
        "last_val_loss_fs1": 3.0683,
        "delta_last_val_loss": -0.35760000000000014
      },
      {
        "random_seed": 20260305,
        "best_maskacc_val_fs0": 0.049,
        "best_maskacc_val_fs1": 0.0808,
        "delta_maskacc_val": 0.031799999999999995,
        "best_maskacc_fg_val_fs0": 0.0534,
        "best_maskacc_fg_val_fs1": 0.0826,
        "delta_maskacc_fg_val": 0.029200000000000004,
        "last_val_loss_fs0": 3.4258,
        "last_val_loss_fs1": 3.0677,
        "delta_last_val_loss": -0.3581000000000003
      }
    ],
    "avg_delta_maskacc_fg_val": 0.029200000000000004,
    "avg_delta_maskacc_val": 0.0319,
    "all_seed_delta_fg_nonneg": true,
    "pass_confirm_rule": true
  }
}