{
  "task5_realvideo_gap24_long": {
    "best_maskacc_val_fs0": 0.4292,
    "best_maskacc_val_fs1": 0.5675,
    "delta_maskacc_val": 0.13829999999999998,
    "best_maskacc_fg_val_fs0": 0.4327,
    "best_maskacc_fg_val_fs1": 0.5685,
    "delta_maskacc_fg_val": 0.13580000000000003,
    "last_val_loss_fs0": 1.828,
    "last_val_loss_fs1": 1.1721,
    "delta_last_val_loss": -0.6559000000000001
  }
}