{
  "task5_realvideo_gap4_long_v2": {
    "best_maskacc_val_fs0": 0.4161,
    "best_maskacc_val_fs1": 0.5457,
    "delta_maskacc_val": 0.12959999999999994,
    "best_maskacc_fg_val_fs0": 0.4174,
    "best_maskacc_fg_val_fs1": 0.5479,
    "delta_maskacc_fg_val": 0.13050000000000006,
    "last_val_loss_fs0": 1.9349,
    "last_val_loss_fs1": 1.2447,
    "delta_last_val_loss": -0.6902000000000001
  }
}