label,delta_fg,delta_loss_improve,best_fg_fs0,best_fg_fs1
adjacent,0.14949999999999997,0.7089000000000001,0.401,0.5505
gap4,0.13050000000000006,0.6902000000000001,0.4174,0.5479
gap8,0.13140000000000007,0.6836,0.4518,0.5832
gap16,0.15289999999999998,0.6819999999999999,0.41,0.5629
gap24,0.13580000000000003,0.6559000000000001,0.4327,0.5685
gap32,0.13590000000000002,0.6407,0.4467,0.5826
gap40,0.1471,0.6291,0.4556,0.6027
